{
    "hole_occlusion_tolerance": 12.433333333333334,
    "missing_material_tolerance": 0.6716666666666667,
    "extra_material_tolerance": 0.7125,
    "debug_mode": false
}